system:index,B2,B3,B4,B8,NDWI,SWIR1,SWIR2,latitude,longitude,.geo
1,811,504,319,210,0.4117647058823529,121,95,-15.931218181222862,-5.741049141309091,"{""type"":""Point"",""coordinates"":[-5.741054304091934,-15.931237085925007]}"
3,1144,824,655,521,0.22527881040892192,433,354,-15.935917375803951,-5.740832943064796,"{""type"":""Point"",""coordinates"":[-5.740863981901347,-15.935916572279268]}"
15,805,527,385,358,0.19096045197740114,329,232,-15.938587104098199,-5.736855354887032,"{""type"":""Point"",""coordinates"":[-5.736817226887033,-15.938614581767117]}"
16,792,540,397,467,0.0724925547838211,442,281,-15.99073112570864,-5.713007634456994,"{""type"":""Point"",""coordinates"":[-5.713010695752073,-15.99075848309762]}"
17,1794,1469,1256,1333,0.0485367588698864,1029,828,-16.00063954082105,-5.6791520735618635,"{""type"":""Point"",""coordinates"":[-5.6791518844166395,-16.00060462507833]}"
52,1180,1000,964,909,0.0476689375936985,993,906,-15.937565075427484,-5.731987528126081,"{""type"":""Point"",""coordinates"":[-5.731964804942442,-15.93752226763402]}"
71,829,600,439,551,0.04257167503237724,578,386,-15.941585399104248,-5.714025813291137,"{""type"":""Point"",""coordinates"":[-5.7140022779657995,-15.941605583817651]}"
77,813,500,317,202,0.42450142450142453,121,96,-15.93139522225583,-5.7413315721167955,"{""type"":""Point"",""coordinates"":[-5.741323753105011,-15.931405009167596]}"
86,867,658,536,612,0.03622047230601311,691,516,-15.993424472496448,-5.67830887983374,"{""type"":""Point"",""coordinates"":[-5.678285773683458,-15.99345842165413]}"
88,1122,772,582,476,0.23717948717948717,385,323,-15.929655767932417,-5.743174770010646,"{""type"":""Point"",""coordinates"":[-5.743218697482278,-15.929692384114961]}"
92,1087,765,617,453,0.2561576354679803,434,368,-15.932787693077687,-5.738363517330333,"{""type"":""Point"",""coordinates"":[-5.738403254608153,-15.932812629334155]}"
140,851,584,416,334,0.2723311483860016,285,198,-15.934201442997754,-5.733715516327139,"{""type"":""Point"",""coordinates"":[-5.733681294196614,-15.934208291634247]}"
172,933,675,547,589,0.0680379718542099,534,400,-15.994857165553839,-5.708114523672268,"{""type"":""Point"",""coordinates"":[-5.708106802018371,-15.994821776081023]}"
187,1768,1570,1428,1455,0.03801652892561983,1398,1168,-15.93191431119857,-5.736018101194403,"{""type"":""Point"",""coordinates"":[-5.736063866221057,-15.931950321818162]}"
196,817,570,407,435,0.13432836532592773,475,348,-15.99658101362868,-5.68591442620096,"{""type"":""Point"",""coordinates"":[-5.685935129723374,-15.996549684931722]}"
221,788,571,453,548,0.020554065704345703,466,306,-15.943499407100104,-5.683806010224319,"{""type"":""Point"",""coordinates"":[-5.683849341088901,-15.943498093742768]}"
237,1743,1435,1352,1350,0.03052064631956912,1398,1340,-15.929093653664637,-5.737660007513224,"{""type"":""Point"",""coordinates"":[-5.737663766109268,-15.929103015175327]}"
238,899,533,328,229,0.3989501312335958,148,111,-15.937961035759963,-5.743474370038048,"{""type"":""Point"",""coordinates"":[-5.7434692639198355,-15.937933780769699]}"
270,797,522,383,300,0.2700729966163635,296,211,-15.935458555966981,-5.7342926152850495,"{""type"":""Point"",""coordinates"":[-5.73426190670224,-15.935447468496019]}"
278,1149,810,640,518,0.21987951807228914,438,362,-15.934187418835556,-5.7419295634858445,"{""type"":""Point"",""coordinates"":[-5.741884822183019,-15.934151553674155]}"
281,908,603,280,155,0.5910290237467019,81,61,-15.937845725842262,-5.738338821490261,"{""type"":""Point"",""coordinates"":[-5.738312020806063,-15.937845748903772]}"
283,886,683,590,676,0.0051508462104488595,1102,888,-15.94280871928483,-5.7457806412332335,"{""type"":""Point"",""coordinates"":[-5.745772712054787,-15.942842468566136]}"
344,847,590,478,449,0.13570741097208855,592,436,-15.937888395708995,-5.73497896630993,"{""type"":""Point"",""coordinates"":[-5.734972222189048,-15.937876553903358]}"
351,810,564,446,519,0.041551247239112854,496,365,-15.929764934115218,-5.698745143317641,"{""type"":""Point"",""coordinates"":[-5.698763553433648,-15.929759625162115]}"
395,785,515,383,339,0.20608898997306824,380,295,-15.99720730530548,-5.686389678938358,"{""type"":""Point"",""coordinates"":[-5.6863568238589695,-15.997243250697291]}"
397,852,601,477,479,0.11296296296296296,554,400,-15.93977168393735,-5.7360313109168,"{""type"":""Point"",""coordinates"":[-5.736024565135893,-15.93977257889699]}"
414,925,574,402,278,0.3474178403755869,227,181,-15.932316027602306,-5.739943941976327,"{""type"":""Point"",""coordinates"":[-5.739974816438415,-15.932316779050556]}"
433,823,510,332,230,0.3783783783783784,137,112,-15.930433942666166,-5.738798288873782,"{""type"":""Point"",""coordinates"":[-5.738785576460144,-15.93047094554288]}"
476,794,526,405,377,0.16500553488731384,407,324,-15.997387913749456,-5.6863920934618735,"{""type"":""Point"",""coordinates"":[-5.686385642532481,-15.997349666144537]}"
493,1094,761,589,457,0.24958949096880131,379,310,-15.936526920236297,-5.742614768067199,"{""type"":""Point"",""coordinates"":[-5.742592706321312,-15.936521598682813]}"
497,1223,852,699,580,0.18994413407821228,490,398,-15.934934748779234,-5.739979500543682,"{""type"":""Point"",""coordinates"":[-5.740005061399987,-15.934925175594566]}"
508,915,616,449,479,0.12511415779590607,403,268,-15.935111557052872,-5.733167781109721,"{""type"":""Point"",""coordinates"":[-5.733124745999679,-15.935070419456546]}"
522,1032,686,499,371,0.2980132450331126,299,240,-15.937982417379962,-5.741794450009045,"{""type"":""Point"",""coordinates"":[-5.74183265676692,-15.938024589105536]}"
524,1185,1010,1056,1004,0.002979146083816886,1188,1036,-15.996393297673936,-5.671998830789953,"{""type"":""Point"",""coordinates"":[-5.671953650860807,-15.996426183620937]}"
542,819,545,401,359,0.2057522088289261,373,264,-15.935643894292143,-5.7339217489163445,"{""type"":""Point"",""coordinates"":[-5.733877637070308,-15.935674666515157]}"
546,1105,786,608,457,0.26468222043443285,399,327,-15.936083730749205,-5.741955333965246,"{""type"":""Point"",""coordinates"":[-5.741987121289015,-15.936100618826561]}"
576,794,490,271,157,0.5146831530139103,81,66,-15.93650307039654,-5.737387149934269,"{""type"":""Point"",""coordinates"":[-5.737410999679421,-15.936544786702452]}"
660,1028,803,689,631,0.11994421482086182,583,452,-15.93074659093301,-5.699691714722046,"{""type"":""Point"",""coordinates"":[-5.699674593050254,-15.930790990500041]}"
670,1082,702,478,380,0.2975970425138632,347,263,-15.93540523174711,-5.738492384543154,"{""type"":""Point"",""coordinates"":[-5.738488064991842,-15.935396562864598]}"
710,971,620,427,313,0.3290460878885316,232,195,-15.937416856723623,-5.743653658823303,"{""type"":""Point"",""coordinates"":[-5.74365537540921,-15.937428314247498]}"
725,996,823,792,808,0.009196811355650425,1192,1010,-15.988618912199406,-5.672549101296206,"{""type"":""Point"",""coordinates"":[-5.67257376830678,-15.988645449929392]}"
758,1094,890,909,785,0.06268656998872757,1185,1060,-15.99798974158402,-5.6743544972693885,"{""type"":""Point"",""coordinates"":[-5.6743641506362295,-15.997988852952556]}"
790,819,519,346,241,0.36578947368421055,151,123,-15.931260876043304,-5.737689404048376,"{""type"":""Point"",""coordinates"":[-5.737684022735835,-15.93122570520688]}"
810,932,576,342,219,0.4490566037735849,146,125,-15.939066023976364,-5.74180917853991,"{""type"":""Point"",""coordinates"":[-5.741814884792304,-15.939107368478068]}"
851,787,522,382,356,0.1890660524368286,348,246,-15.937370271323443,-5.733105035195209,"{""type"":""Point"",""coordinates"":[-5.733097872563897,-15.937328577052892]}"
872,807,580,459,574,0.005199306644499302,518,358,-15.946060035881427,-5.724447926613084,"{""type"":""Point"",""coordinates"":[-5.724460579460928,-15.946022014442246]}"
907,1051,716,526,406,0.27629233511586454,313,258,-15.9379788546835,-5.742074436857694,"{""type"":""Point"",""coordinates"":[-5.74209586763782,-15.937941080581316]}"
944,973,820,737,804,0.009852216579020023,654,435,-15.959970055953399,-5.673942518033131,"{""type"":""Point"",""coordinates"":[-5.67392487299586,-15.95995914333963]}"
954,1159,830,680,539,0.21256391526661797,482,391,-15.93263093336276,-5.743588579733478,"{""type"":""Point"",""coordinates"":[-5.74361105117877,-15.932626694286787]}"
983,1124,931,918,857,0.04138702526688576,1124,999,-15.998452891021996,-5.6734268845471325,"{""type"":""Point"",""coordinates"":[-5.673434503727692,-15.998452587498297]}"
1003,1486,1072,923,831,0.1266421377658844,698,582,-15.997747877036199,-5.672016842560349,"{""type"":""Point"",""coordinates"":[-5.672023108186752,-15.997761971086035]}"
1100,817,578,443,489,0.08341143280267715,633,492,-16.00092763906694,-5.699418911095823,"{""type"":""Point"",""coordinates"":[-5.699461616999291,-16.00096135756481]}"
1117,998,764,614,527,0.18357862122385749,774,663,-15.939096887690193,-5.739382609889527,"{""type"":""Point"",""coordinates"":[-5.739363311851587,-15.939129485498254]}"
1129,1027,829,782,729,0.06418485194444656,987,871,-16.000362112214418,-5.686898748299949,"{""type"":""Point"",""coordinates"":[-5.686942088108517,-16.000354329173646]}"
1180,1124,805,666,514,0.22062168309325247,434,350,-15.9356357899702,-5.741669214198117,"{""type"":""Point"",""coordinates"":[-5.741629185252581,-15.935680982068446]}"
1197,1209,929,817,885,0.024255787953734398,993,840,-15.998170351801198,-5.674356901107283,"{""type"":""Point"",""coordinates"":[-5.67433415559547,-15.99816949488741]}"
1225,1017,806,792,782,0.015113350003957748,1004,887,-15.988710378619226,-5.672456943835204,"{""type"":""Point"",""coordinates"":[-5.672480495422926,-15.98873591294508]}"
1238,930,710,643,707,0.002117148833349347,920,756,-15.99915660502291,-5.6894038083951965,"{""type"":""Point"",""coordinates"":[-5.689430629806039,-15.999146702737956]}"
1245,790,548,409,476,0.0703125,577,393,-15.991439394458588,-5.7141376553413945,"{""type"":""Point"",""coordinates"":[-5.714100471263144,-15.991440513989307]}"
1248,1203,817,626,481,0.2588597842835131,379,300,-15.935673762321958,-5.738682717804327,"{""type"":""Point"",""coordinates"":[-5.738724376240154,-15.935635439608074]}"
1294,815,557,434,407,0.15560166537761688,445,320,-15.937906159403061,-5.733579023647401,"{""type"":""Point"",""coordinates"":[-5.7335457017662,-15.937896853157229]}"
1303,919,571,357,249,0.3926829268292683,156,140,-15.938057276871142,-5.743008953717186,"{""type"":""Point"",""coordinates"":[-5.742978308439634,-15.9380582103469]}"
1345,936,735,618,702,0.022964509204030037,803,646,-15.99368840248774,-5.678872647864186,"{""type"":""Point"",""coordinates"":[-5.67890533781991,-15.993686199255459]}"
1359,1080,743,558,430,0.2668371696504689,329,263,-15.937617652542492,-5.742069527099499,"{""type"":""Point"",""coordinates"":[-5.742035469458717,-15.93761294499137]}"
1391,752,500,325,494,0.006036217324435711,374,199,-15.94722307042732,-5.674893636686909,"{""type"":""Point"",""coordinates"":[-5.674933833098515,-15.947185273599747]}"
1397,1161,1060,1164,1052,0.0037878789007663727,1424,1350,-16.000262481132562,-5.673170827337523,"{""type"":""Point"",""coordinates"":[-5.673168527510491,-16.000246181000424]}"
1404,801,523,373,303,0.26634382566585957,252,193,-15.937685280132923,-5.736749774364224,"{""type"":""Point"",""coordinates"":[-5.73673949588778,-15.937672990224417]}"
1410,1297,1001,820,748,0.14465409517288208,721,606,-16.000556224296517,-5.678590692286187,"{""type"":""Point"",""coordinates"":[-5.678630760192179,-16.000595516013817]}"
1446,817,575,428,503,0.06679034978151321,453,276,-15.991088798101213,-5.713292576656391,"{""type"":""Point"",""coordinates"":[-5.7132528014975685,-15.991073422585442]}"
1448,905,602,392,310,0.3201754385964912,223,159,-15.934189603629251,-5.734648794400201,"{""type"":""Point"",""coordinates"":[-5.7346562374026515,-15.934212266018744]}"
1457,1066,902,961,892,0.0055741360411047935,983,867,-15.999809793041845,-5.673258182558934,"{""type"":""Point"",""coordinates"":[-5.673255951685877,-15.999826633795092]}"
1492,831,582,432,550,0.02826855145394802,590,388,-15.991080544267477,-5.713946066954297,"{""type"":""Point"",""coordinates"":[-5.713930296779555,-15.991072824580137]}"
1506,2220,2078,2218,2024,0.013164310092637738,2359,2047,-15.932818506207735,-5.735937017113043,"{""type"":""Point"",""coordinates"":[-5.735911812587136,-15.932841346832724]}"
1513,784,539,404,464,0.07477567344903946,414,302,-15.929311078190453,-5.69892576292104,"{""type"":""Point"",""coordinates"":[-5.698930782397103,-15.929333168611656]}"
1546,1218,860,714,553,0.2172682236376504,516,420,-15.935155781544497,-5.743902940885908,"{""type"":""Point"",""coordinates"":[-5.74390739951389,-15.935133165171735]}"
1609,1211,954,766,666,0.17777778208255768,740,617,-16.000725665167426,-5.686716854687764,"{""type"":""Point"",""coordinates"":[-5.686685431512185,-16.000686805837013]}"
1641,1085,753,513,451,0.25083056478405313,403,318,-15.93345432747998,-5.7427596885256955,"{""type"":""Point"",""coordinates"":[-5.742726644178605,-15.933456855112427]}"
1720,881,660,573,645,0.01149425283074379,998,807,-15.996965920880179,-5.691242006215495,"{""type"":""Point"",""coordinates"":[-5.691260576566859,-15.996972865296735]}"
1723,844,597,488,476,0.11276794224977493,502,400,-15.998265254223154,-5.688458111188066,"{""type"":""Point"",""coordinates"":[-5.688463143983286,-15.998247744788635]}"
1732,906,681,574,650,0.023290758952498436,709,541,-15.992793502377182,-5.678207097466286,"{""type"":""Point"",""coordinates"":[-5.678227729227127,-15.992802914413723]}"
1733,1198,841,658,558,0.20228734810578985,480,397,-15.933385397006719,-5.741078578342202,"{""type"":""Point"",""coordinates"":[-5.741087458921962,-15.933405203058852]}"
1762,1836,1843,1803,1633,0.06041426956653595,1799,1356,-15.92913159823784,-5.720392281381441,"{""type"":""Point"",""coordinates"":[-5.7204319694211,-15.929159314330269]}"
1785,913,691,610,587,0.081377151799687,1237,1133,-15.940488258946017,-5.743602089348664,"{""type"":""Point"",""coordinates"":[-5.74360819937677,-15.940508333668584]}"
1813,903,647,534,496,0.13210847973823547,548,409,-15.935929002299867,-5.732805475781269,"{""type"":""Point"",""coordinates"":[-5.732834434705284,-15.935895285819583]}"
1843,936,705,612,651,0.0398230105638504,581,384,-15.993879133247953,-5.7068874912743555,"{""type"":""Point"",""coordinates"":[-5.706888654245588,-15.993858748861783]}"
1862,1229,860,742,597,0.18050789293067948,538,452,-15.931251473903444,-5.745530003576209,"{""type"":""Point"",""coordinates"":[-5.745554134817134,-15.931262012660925]}"
1889,1191,835,685,541,0.2136627906976744,490,405,-15.93356837197205,-5.740894377665302,"{""type"":""Point"",""coordinates"":[-5.740886815421088,-15.93358535509876]}"
1894,773,500,336,256,0.32275132275132273,400,338,-15.939813359994815,-5.739859070772316,"{""type"":""Point"",""coordinates"":[-5.739889761302389,-15.93978920994781]}"
1900,1011,828,743,826,0.0012091898825019598,1031,694,-15.941267428073466,-5.732037674026503,"{""type"":""Point"",""coordinates"":[-5.731995433131624,-15.941261697036385]}"
1915,827,511,329,214,0.4096551724137931,130,105,-15.934609121883595,-5.737174766131581,"{""type"":""Point"",""coordinates"":[-5.737206267230007,-15.93462459038004]}"
1958,810,564,444,450,0.1124260351061821,501,391,-15.933976477863766,-5.701415150686773,"{""type"":""Point"",""coordinates"":[-5.701410109610016,-15.933994632907558]}"
1961,792,491,274,162,0.5038284839203675,87,60,-15.93605393670869,-5.737194366991346,"{""type"":""Point"",""coordinates"":[-5.7372169702887055,-15.936071090157093]}"
1972,1005,767,708,673,0.06527777761220932,740,658,-16.00096736144183,-5.689054536281528,"{""type"":""Point"",""coordinates"":[-5.689065597238984,-16.000948896351485]}"
1973,805,543,409,397,0.15531915426254272,394,280,-15.937275235009803,-5.733477129011861,"{""type"":""Point"",""coordinates"":[-5.73349487179849,-15.937270844813726]}"
1995,875,631,487,572,0.049044057726860046,584,410,-15.996392309973627,-5.708135210764966,"{""type"":""Point"",""coordinates"":[-5.708126246618395,-15.996413139492335]}"
